slug	source page (players redacted)	sha256	source words	written words
naadag-hasaka	Naadag Hasaka 5c1a1369c43249fbab5a53bce35b01e5.html	5cfdec54bb7d2c48	848	893
daatsu	Daatsu (Makokamit) - Path of the Raccoon, Sc b28eca8739f44751a5b3245f10eaf218.html	d206e51e955b08ce	322	328
gambling-with-naasi	Gambling with Naasi d81edf7aa9ba459aa0d940a6596bb691.html	107fe7fc200e0bfb	902	902
makokamit	Mahokamit 6c323b4404614bbcb720def6cf0792b8.html	2c53a02475eb3ab7	236	236
migatuka	Migatuka (Minak - Cahokia) 74ccbbd886a54caaab391e23afbdf842.html	374b489f058ba534	4	3
rules-reference	Rules Reference 9a1e0ed76e3b49d38923f6c992a575cf.html	a6d3d451355a63d2	1759	1762
soova	Soova (secretly Diné) - Path of the Snake, a5015bdab8714ca692bc594ae49e8287.html	cbfcc8d2e0db1a63	1335	1409
syn	Syn (Diné) - Path of the Beaver, Seeker, 5e185f1cfdbb4090ad2802ddcf596890.html	10dba81134b8749e	44	43
tika	Tika (Unlad) d49c0194888041a09fb960405c1bee18.html	6adb35882a50e9fb	647	651
